class,file,labeler
1 Cell-Post_Syngamy,M0776_S00437_W1_F0_1503.jpg,Suyeon
1 Cell-Post_Syngamy,M0776_S00437_W1_F0_1523.jpg,Suyeon
1 Cell-Post_Syngamy,M0776_S00437_W1_F0_1543.jpg,Suyeon
1 Cell-Post_Syngamy,M0776_S00437_W1_F0_1573.jpg,Suyeon
1 Cell-Post_Syngamy,M0776_S00437_W1_F0_1593.jpg,Suyeon
1 Cell-Post_Syngamy,M0776_S00437_W1_F0_1613.jpg,Suyeon
2 Cell,M0776_S00437_W1_F0_1633.jpg,Suyeon
2 Cell,M0776_S00437_W1_F0_1653.jpg,Suyeon
2 Cell,M0776_S00437_W1_F0_1673.jpg,Suyeon
2 Cell,M0776_S00437_W1_F0_1694.jpg,Suyeon
2 Cell,M0776_S00437_W1_F0_1714.jpg,Suyeon
2 Cell,M0776_S00437_W1_F0_1734.jpg,Suyeon
2 Cell,M0776_S00437_W1_F0_1754.jpg,Suyeon
2 Cell,M0776_S00437_W1_F0_1774.jpg,Suyeon
2 Cell,M0776_S00437_W1_F0_1794.jpg,Suyeon
2 Cell,M0776_S00437_W1_F0_1814.jpg,Suyeon
2 Cell,M0776_S00437_W1_F0_1834.jpg,Suyeon
2 Cell,M0776_S00437_W1_F0_1854.jpg,Suyeon
2 Cell,M0776_S00437_W1_F0_1874.jpg,Suyeon
2 Cell,M0776_S00437_W1_F0_1894.jpg,Suyeon
2 Cell,M0776_S00437_W1_F0_1914.jpg,Suyeon
2 Cell,M0776_S00437_W1_F0_1934.jpg,Suyeon
2 Cell,M0776_S00437_W1_F0_1954.jpg,Suyeon
2 Cell,M0776_S00437_W1_F0_1974.jpg,Suyeon
2 Cell,M0776_S00437_W1_F0_1994.jpg,Suyeon
2 Cell,M0776_S00437_W1_F0_2014.jpg,Suyeon
2 Cell,M0776_S00437_W1_F0_2034.jpg,Suyeon
2 Cell,M0776_S00437_W1_F0_2064.jpg,Suyeon
2 Cell,M0776_S00437_W1_F0_2084.jpg,Suyeon
2 Cell,M0776_S00437_W1_F0_2114.jpg,Suyeon
2 Cell,M0776_S00437_W1_F0_2134.jpg,Suyeon
2 Cell,M0776_S00437_W1_F0_2154.jpg,Suyeon
2 Cell,M0776_S00437_W1_F0_2174.jpg,Suyeon
2 Cell,M0776_S00437_W1_F0_2194.jpg,Suyeon
2 Cell,M0776_S00437_W1_F0_2214.jpg,Suyeon
2 Cell,M0776_S00437_W1_F0_2234.jpg,Suyeon
2 Cell,M0776_S00437_W1_F0_2254.jpg,Suyeon
2 Cell,M0776_S00437_W1_F0_2274.jpg,Suyeon
2 Cell,M0776_S00437_W1_F0_2294.jpg,Suyeon
2 Cell,M0776_S00437_W1_F0_2314.jpg,Suyeon
2 Cell,M0776_S00437_W1_F0_2334.jpg,Suyeon
2pn,M0776_S00437_W1_F0_1001.jpg,Suyeon
2pn,M0776_S00437_W1_F0_1021.jpg,Suyeon
2pn,M0776_S00437_W1_F0_1041.jpg,Suyeon
2pn,M0776_S00437_W1_F0_1061.jpg,Suyeon
2pn,M0776_S00437_W1_F0_1082.jpg,Suyeon
2pn,M0776_S00437_W1_F0_1102.jpg,Suyeon
2pn,M0776_S00437_W1_F0_1122.jpg,Suyeon
2pn,M0776_S00437_W1_F0_1142.jpg,Suyeon
2pn,M0776_S00437_W1_F0_1162.jpg,Suyeon
2pn,M0776_S00437_W1_F0_1195.jpg,Suyeon
2pn,M0776_S00437_W1_F0_1215.jpg,Suyeon
2pn,M0776_S00437_W1_F0_1235.jpg,Suyeon
2pn,M0776_S00437_W1_F0_1255.jpg,Suyeon
2pn,M0776_S00437_W1_F0_1275.jpg,Suyeon
2pn,M0776_S00437_W1_F0_1295.jpg,Suyeon
2pn,M0776_S00437_W1_F0_1315.jpg,Suyeon
2pn,M0776_S00437_W1_F0_1353.jpg,Suyeon
2pn,M0776_S00437_W1_F0_1373.jpg,Suyeon
2pn,M0776_S00437_W1_F0_1394.jpg,Suyeon
2pn,M0776_S00437_W1_F0_1423.jpg,Suyeon
2pn,M0776_S00437_W1_F0_1443.jpg,Suyeon
2pn,M0776_S00437_W1_F0_1463.jpg,Suyeon
2pn,M0776_S00437_W1_F0_1483.jpg,Suyeon
2pn,M0776_S00437_W1_F0_961.jpg,Suyeon
2pn,M0776_S00437_W1_F0_981.jpg,Suyeon
3 Cell,M0776_S00437_W1_F0_2364.jpg,Suyeon
4 Cell,M0776_S00437_W1_F0_2387.jpg,Suyeon
4 Cell,M0776_S00437_W1_F0_2407.jpg,Suyeon
4 Cell,M0776_S00437_W1_F0_2427.jpg,Suyeon
4 Cell,M0776_S00437_W1_F0_2447.jpg,Suyeon
4 Cell,M0776_S00437_W1_F0_2467.jpg,Suyeon
4 Cell,M0776_S00437_W1_F0_2487.jpg,Suyeon
4 Cell,M0776_S00437_W1_F0_2507.jpg,Suyeon
4 Cell,M0776_S00437_W1_F0_2527.jpg,Suyeon
4 Cell,M0776_S00437_W1_F0_2547.jpg,Suyeon
4 Cell,M0776_S00437_W1_F0_2567.jpg,Suyeon
4 Cell,M0776_S00437_W1_F0_2587.jpg,Suyeon
4 Cell,M0776_S00437_W1_F0_2613.jpg,Suyeon
4 Cell,M0776_S00437_W1_F0_2633.jpg,Suyeon
4 Cell,M0776_S00437_W1_F0_2653.jpg,Suyeon
4 Cell,M0776_S00437_W1_F0_2683.jpg,Suyeon
4 Cell,M0776_S00437_W1_F0_2703.jpg,Suyeon
4 Cell,M0776_S00437_W1_F0_2723.jpg,Suyeon
4 Cell,M0776_S00437_W1_F0_2743.jpg,Suyeon
4 Cell,M0776_S00437_W1_F0_2763.jpg,Suyeon
4 Cell,M0776_S00437_W1_F0_2783.jpg,Suyeon
4 Cell,M0776_S00437_W1_F0_2803.jpg,Suyeon
4 Cell,M0776_S00437_W1_F0_2823.jpg,Suyeon
4 Cell,M0776_S00437_W1_F0_2843.jpg,Suyeon
4 Cell,M0776_S00437_W1_F0_2863.jpg,Suyeon
4 Cell,M0776_S00437_W1_F0_2883.jpg,Suyeon
4 Cell,M0776_S00437_W1_F0_2913.jpg,Suyeon
4 Cell,M0776_S00437_W1_F0_2933.jpg,Suyeon
4 Cell,M0776_S00437_W1_F0_2953.jpg,Suyeon
4 Cell,M0776_S00437_W1_F0_2973.jpg,Suyeon
4 Cell,M0776_S00437_W1_F0_2993.jpg,Suyeon
4 Cell,M0776_S00437_W1_F0_3013.jpg,Suyeon
5 Cell,M0776_S00437_W1_F0_3033.jpg,Suyeon
5 Cell,M0776_S00437_W1_F0_3053.jpg,Suyeon
5 Cell,M0776_S00437_W1_F0_3073.jpg,Suyeon
5 Cell,M0776_S00437_W1_F0_3093.jpg,Suyeon
5 Cell,M0776_S00437_W1_F0_3113.jpg,Suyeon
6-7 Cell,M0776_S00437_W1_F0_3133.jpg,Suyeon
6-7 Cell,M0776_S00437_W1_F0_3154.jpg,Suyeon
6-7 Cell,M0776_S00437_W1_F0_3183.jpg,Suyeon
6-7 Cell,M0776_S00437_W1_F0_3203.jpg,Suyeon
6-7 Cell,M0776_S00437_W1_F0_3223.jpg,Suyeon
6-7 Cell,M0776_S00437_W1_F0_3243.jpg,Suyeon
8 Cell,M0776_S00437_W1_F0_3263.jpg,Suyeon
8 Cell,M0776_S00437_W1_F0_3284.jpg,Suyeon
8 Cell,M0776_S00437_W1_F0_3313.jpg,Suyeon
8 Cell,M0776_S00437_W1_F0_3333.jpg,Suyeon
8 Cell,M0776_S00437_W1_F0_3353.jpg,Suyeon
8 Cell,M0776_S00437_W1_F0_3373.jpg,Suyeon
8 Cell,M0776_S00437_W1_F0_3393.jpg,Suyeon
8 Cell,M0776_S00437_W1_F0_3414.jpg,Suyeon
8 Cell,M0776_S00437_W1_F0_3434.jpg,Suyeon
8 Cell,M0776_S00437_W1_F0_3464.jpg,Suyeon
8 Cell,M0776_S00437_W1_F0_3484.jpg,Suyeon
8 Cell,M0776_S00437_W1_F0_3514.jpg,Suyeon
8 Cell,M0776_S00437_W1_F0_3534.jpg,Suyeon
8 Cell,M0776_S00437_W1_F0_3554.jpg,Suyeon
8 Cell,M0776_S00437_W1_F0_3574.jpg,Suyeon
8 Cell,M0776_S00437_W1_F0_3594.jpg,Suyeon
8 Cell,M0776_S00437_W1_F0_3614.jpg,Suyeon
8 Cell,M0776_S00437_W1_F0_3634.jpg,Suyeon
8 Cell,M0776_S00437_W1_F0_3654.jpg,Suyeon
8 Cell,M0776_S00437_W1_F0_3674.jpg,Suyeon
8 Cell,M0776_S00437_W1_F0_3704.jpg,Suyeon
8 Cell,M0776_S00437_W1_F0_3724.jpg,Suyeon
8 Cell,M0776_S00437_W1_F0_3744.jpg,Suyeon
8 Cell,M0776_S00437_W1_F0_3764.jpg,Suyeon
8 Cell,M0776_S00437_W1_F0_3801.jpg,Suyeon
8 Cell,M0776_S00437_W1_F0_3831.jpg,Suyeon
8 Cell,M0776_S00437_W1_F0_3851.jpg,Suyeon
8 Cell,M0776_S00437_W1_F0_3871.jpg,Suyeon
8 Cell,M0776_S00437_W1_F0_3891.jpg,Suyeon
8 Cell,M0776_S00437_W1_F0_3916.jpg,Suyeon
8 Cell,M0776_S00437_W1_F0_3946.jpg,Suyeon
8 Cell,M0776_S00437_W1_F0_3966.jpg,Suyeon
8 Cell,M0776_S00437_W1_F0_4000.jpg,Suyeon
bad,M3169_S00479_W2_F0_5664.jpg,Suyeon
Empty,M0776_S00437_W1_F0_6815.jpg,Suyeon
Empty,M0776_S00437_W1_F0_6835.jpg,Suyeon
Empty,M0776_S00437_W1_F0_6865.jpg,Suyeon
Empty,M0776_S00437_W1_F0_6901.jpg,Suyeon
Empty,M0776_S00437_W1_F0_6922.jpg,Suyeon
Empty,M0776_S00437_W1_F0_6952.jpg,Suyeon
Empty,M0776_S00437_W1_F0_6972.jpg,Suyeon
Empty,M0776_S00437_W1_F0_6992.jpg,Suyeon
Empty,M0776_S00437_W1_F0_7012.jpg,Suyeon
Empty,M0776_S00437_W1_F0_7032.jpg,Suyeon
Empty,M0776_S00437_W1_F0_7052.jpg,Suyeon
Empty,M0776_S00437_W1_F0_7081.jpg,Suyeon
Empty,M0776_S00437_W1_F0_7101.jpg,Suyeon
Empty,M0776_S00437_W1_F0_7121.jpg,Suyeon
Empty,M0776_S00437_W1_F0_7141.jpg,Suyeon
Empty,M0776_S00437_W1_F0_7161.jpg,Suyeon
Empty,M0776_S00437_W1_F0_7181.jpg,Suyeon
Empty,M0776_S00437_W1_F0_7201.jpg,Suyeon
Empty,M0776_S00437_W1_F0_7221.jpg,Suyeon
Empty,M0776_S00437_W1_F0_7241.jpg,Suyeon
Empty,M0776_S00437_W1_F0_7261.jpg,Suyeon
Empty,M0776_S00437_W1_F0_7281.jpg,Suyeon
Empty,M0776_S00437_W1_F0_7302.jpg,Suyeon
Empty,M0776_S00437_W1_F0_7322.jpg,Suyeon
Empty,M0776_S00437_W1_F0_7342.jpg,Suyeon
Empty,M0776_S00437_W1_F0_7362.jpg,Suyeon
Empty,M0776_S00437_W1_F0_7382.jpg,Suyeon
Empty,M0776_S00437_W1_F0_7402.jpg,Suyeon
Empty,M0776_S00437_W1_F0_7422.jpg,Suyeon
Empty,M0776_S00437_W1_F0_7442.jpg,Suyeon
Empty,M0776_S00437_W1_F0_7462.jpg,Suyeon
Empty,M0776_S00437_W1_F0_7482.jpg,Suyeon
Empty,M0776_S00437_W1_F0_7502.jpg,Suyeon
Empty,M0776_S00437_W1_F0_7522.jpg,Suyeon
Empty,M0776_S00437_W1_F0_7542.jpg,Suyeon
Empty,M0776_S00437_W1_F0_7562.jpg,Suyeon
Empty,M0776_S00437_W1_F0_7582.jpg,Suyeon
Empty,M0776_S00437_W1_F0_7602.jpg,Suyeon
Empty,M0776_S00437_W1_F0_7622.jpg,Suyeon
Empty,M0776_S00437_W1_F0_7642.jpg,Suyeon
Empty,M0776_S00437_W1_F0_7672.jpg,Suyeon
Empty,M0776_S00437_W1_F0_7692.jpg,Suyeon
Empty,M0776_S00437_W1_F0_7712.jpg,Suyeon
Empty,M0776_S00437_W1_F0_7732.jpg,Suyeon
Empty,M0776_S00437_W1_F0_7752.jpg,Suyeon
Empty,M0776_S00437_W1_F0_7782.jpg,Suyeon
Empty,M0776_S00437_W1_F0_7812.jpg,Suyeon
Empty,M0776_S00437_W1_F0_7832.jpg,Suyeon
Empty,M0776_S00437_W1_F0_7852.jpg,Suyeon
Empty,M0776_S00437_W1_F0_7872.jpg,Suyeon
Empty,M0776_S00437_W1_F0_7892.jpg,Suyeon
Empty,M0776_S00437_W1_F0_7912.jpg,Suyeon
Empty,M0776_S00437_W1_F0_7932.jpg,Suyeon
Empty,M0776_S00437_W1_F0_7952.jpg,Suyeon
Empty,M0776_S00437_W1_F0_7972.jpg,Suyeon
Empty,M0776_S00437_W1_F0_7992.jpg,Suyeon
Empty,M0776_S00437_W1_F0_8012.jpg,Suyeon
Empty,M0776_S00437_W1_F0_8032.jpg,Suyeon
Empty,M0776_S00437_W1_F0_8052.jpg,Suyeon
Empty,M0776_S00437_W1_F0_8072.jpg,Suyeon
Empty,M0776_S00437_W1_F0_8092.jpg,Suyeon
Empty,M0776_S00437_W1_F0_8112.jpg,Suyeon
Empty,M0776_S00437_W1_F0_8132.jpg,Suyeon
Empty,M0776_S00437_W1_F0_8152.jpg,Suyeon
Empty,M0776_S00437_W1_F0_8172.jpg,Suyeon
Empty,M0776_S00437_W1_F0_8192.jpg,Suyeon
Empty,M0776_S00437_W1_F0_8212.jpg,Suyeon
Empty,M0776_S00437_W1_F0_8235.jpg,Suyeon
Empty,M0776_S00437_W1_F0_8257.jpg,Suyeon
Empty,M0776_S00437_W2_F0_6816.jpg,Suyeon
Empty,M0776_S00437_W2_F0_6836.jpg,Suyeon
Empty,M0776_S00437_W2_F0_6866.jpg,Suyeon
Empty,M0776_S00437_W2_F0_6901.jpg,Suyeon
Empty,M0776_S00437_W2_F0_6922.jpg,Suyeon
Empty,M0776_S00437_W2_F0_6952.jpg,Suyeon
Empty,M0776_S00437_W2_F0_6972.jpg,Suyeon
Empty,M0776_S00437_W2_F0_7002.jpg,Suyeon
Empty,M0776_S00437_W2_F0_7022.jpg,Suyeon
Empty,M0776_S00437_W2_F0_7042.jpg,Suyeon
Empty,M0776_S00437_W2_F0_7072.jpg,Suyeon
Empty,M0776_S00437_W2_F0_7092.jpg,Suyeon
Empty,M0776_S00437_W2_F0_7112.jpg,Suyeon
Empty,M0776_S00437_W2_F0_7132.jpg,Suyeon
Empty,M0776_S00437_W2_F0_7152.jpg,Suyeon
Empty,M0776_S00437_W2_F0_7172.jpg,Suyeon
Empty,M0776_S00437_W2_F0_7202.jpg,Suyeon
Empty,M0776_S00437_W2_F0_7222.jpg,Suyeon
Empty,M0776_S00437_W2_F0_7242.jpg,Suyeon
Empty,M0776_S00437_W2_F0_7262.jpg,Suyeon
Empty,M0776_S00437_W2_F0_7282.jpg,Suyeon
Empty,M0776_S00437_W2_F0_7302.jpg,Suyeon
Empty,M0776_S00437_W2_F0_7322.jpg,Suyeon
Empty,M0776_S00437_W2_F0_7342.jpg,Suyeon
Empty,M0776_S00437_W2_F0_7362.jpg,Suyeon
Empty,M0776_S00437_W2_F0_7382.jpg,Suyeon
Empty,M0776_S00437_W2_F0_7402.jpg,Suyeon
Empty,M0776_S00437_W2_F0_7422.jpg,Suyeon
Empty,M0776_S00437_W2_F0_7442.jpg,Suyeon
Empty,M0776_S00437_W2_F0_7462.jpg,Suyeon
Empty,M0776_S00437_W2_F0_7482.jpg,Suyeon
Empty,M0776_S00437_W2_F0_7502.jpg,Suyeon
Empty,M0776_S00437_W2_F0_7522.jpg,Suyeon
Empty,M0776_S00437_W2_F0_7542.jpg,Suyeon
Empty,M0776_S00437_W2_F0_7562.jpg,Suyeon
Empty,M0776_S00437_W2_F0_7582.jpg,Suyeon
Empty,M0776_S00437_W2_F0_7602.jpg,Suyeon
Empty,M0776_S00437_W2_F0_7622.jpg,Suyeon
Empty,M0776_S00437_W2_F0_7642.jpg,Suyeon
Empty,M0776_S00437_W2_F0_7672.jpg,Suyeon
Empty,M0776_S00437_W2_F0_7692.jpg,Suyeon
Empty,M0776_S00437_W2_F0_7712.jpg,Suyeon
Empty,M0776_S00437_W2_F0_7732.jpg,Suyeon
Empty,M0776_S00437_W2_F0_7752.jpg,Suyeon
Empty,M0776_S00437_W2_F0_7772.jpg,Suyeon
Empty,M0776_S00437_W2_F0_7792.jpg,Suyeon
Empty,M0776_S00437_W2_F0_7822.jpg,Suyeon
Empty,M0776_S00437_W2_F0_7842.jpg,Suyeon
Empty,M0776_S00437_W2_F0_7862.jpg,Suyeon
Empty,M0776_S00437_W2_F0_7882.jpg,Suyeon
Empty,M0776_S00437_W2_F0_7902.jpg,Suyeon
Empty,M0776_S00437_W2_F0_7922.jpg,Suyeon
Empty,M0776_S00437_W2_F0_7942.jpg,Suyeon
Empty,M0776_S00437_W2_F0_7962.jpg,Suyeon
Empty,M0776_S00437_W2_F0_7982.jpg,Suyeon
Empty,M0776_S00437_W2_F0_8012.jpg,Suyeon
Empty,M0776_S00437_W2_F0_8032.jpg,Suyeon
Empty,M0776_S00437_W2_F0_8052.jpg,Suyeon
Empty,M0776_S00437_W2_F0_8072.jpg,Suyeon
Empty,M0776_S00437_W2_F0_8092.jpg,Suyeon
Empty,M0776_S00437_W2_F0_8112.jpg,Suyeon
Empty,M0776_S00437_W2_F0_8142.jpg,Suyeon
Empty,M0776_S00437_W2_F0_8162.jpg,Suyeon
Empty,M0776_S00437_W2_F0_8182.jpg,Suyeon
Empty,M0776_S00437_W2_F0_8202.jpg,Suyeon
Empty,M0776_S00437_W2_F0_8222.jpg,Suyeon
Empty,M0776_S00437_W2_F0_8243.jpg,Suyeon
Empty,M0776_S00437_W4_F0_6816.jpg,Suyeon
Empty,M0776_S00437_W4_F0_6836.jpg,Suyeon
Empty,M0776_S00437_W4_F0_6866.jpg,Suyeon
Empty,M0776_S00437_W4_F0_6901.jpg,Suyeon
Empty,M0776_S00437_W4_F0_6922.jpg,Suyeon
Empty,M0776_S00437_W4_F0_6942.jpg,Suyeon
Empty,M0776_S00437_W4_F0_6962.jpg,Suyeon
Empty,M0776_S00437_W4_F0_6982.jpg,Suyeon
Empty,M0776_S00437_W4_F0_7012.jpg,Suyeon
Empty,M0776_S00437_W4_F0_7032.jpg,Suyeon
Empty,M0776_S00437_W4_F0_7052.jpg,Suyeon
Empty,M0776_S00437_W4_F0_7082.jpg,Suyeon
Empty,M0776_S00437_W4_F0_7102.jpg,Suyeon
Empty,M0776_S00437_W4_F0_7122.jpg,Suyeon
Empty,M0776_S00437_W4_F0_7142.jpg,Suyeon
Empty,M0776_S00437_W4_F0_7162.jpg,Suyeon
Empty,M0776_S00437_W4_F0_7182.jpg,Suyeon
Empty,M0776_S00437_W4_F0_7202.jpg,Suyeon
Empty,M0776_S00437_W4_F0_7222.jpg,Suyeon
Empty,M0776_S00437_W4_F0_7242.jpg,Suyeon
Empty,M0776_S00437_W4_F0_7272.jpg,Suyeon
Empty,M0776_S00437_W4_F0_7292.jpg,Suyeon
Empty,M0776_S00437_W4_F0_7312.jpg,Suyeon
Empty,M0776_S00437_W4_F0_7342.jpg,Suyeon
Empty,M0776_S00437_W4_F0_7362.jpg,Suyeon
Empty,M0776_S00437_W4_F0_7382.jpg,Suyeon
Empty,M0776_S00437_W4_F0_7412.jpg,Suyeon
Empty,M0776_S00437_W4_F0_7432.jpg,Suyeon
Empty,M0776_S00437_W4_F0_7452.jpg,Suyeon
Empty,M0776_S00437_W4_F0_7482.jpg,Suyeon
Empty,M0776_S00437_W4_F0_7502.jpg,Suyeon
Empty,M0776_S00437_W4_F0_7522.jpg,Suyeon
Empty,M0776_S00437_W4_F0_7542.jpg,Suyeon
Empty,M0776_S00437_W4_F0_7562.jpg,Suyeon
Empty,M0776_S00437_W4_F0_7582.jpg,Suyeon
Empty,M0776_S00437_W4_F0_7612.jpg,Suyeon
Empty,M0776_S00437_W4_F0_7632.jpg,Suyeon
Empty,M0776_S00437_W4_F0_7652.jpg,Suyeon
Empty,M0776_S00437_W4_F0_7682.jpg,Suyeon
Empty,M0776_S00437_W4_F0_7702.jpg,Suyeon
Empty,M0776_S00437_W4_F0_7722.jpg,Suyeon
Empty,M0776_S00437_W4_F0_7752.jpg,Suyeon
Empty,M0776_S00437_W4_F0_7772.jpg,Suyeon
Empty,M0776_S00437_W4_F0_7792.jpg,Suyeon
Empty,M0776_S00437_W4_F0_7812.jpg,Suyeon
Empty,M0776_S00437_W4_F0_7832.jpg,Suyeon
Empty,M0776_S00437_W4_F0_7853.jpg,Suyeon
Empty,M0776_S00437_W4_F0_7883.jpg,Suyeon
Empty,M0776_S00437_W4_F0_7903.jpg,Suyeon
Empty,M0776_S00437_W4_F0_7923.jpg,Suyeon
Empty,M0776_S00437_W4_F0_7943.jpg,Suyeon
Empty,M0776_S00437_W4_F0_7963.jpg,Suyeon
Empty,M0776_S00437_W4_F0_7983.jpg,Suyeon
Empty,M0776_S00437_W4_F0_8013.jpg,Suyeon
Empty,M0776_S00437_W4_F0_8033.jpg,Suyeon
Empty,M0776_S00437_W4_F0_8053.jpg,Suyeon
Empty,M0776_S00437_W4_F0_8073.jpg,Suyeon
Empty,M0776_S00437_W4_F0_8093.jpg,Suyeon
Empty,M0776_S00437_W4_F0_8113.jpg,Suyeon
Empty,M0776_S00437_W4_F0_8143.jpg,Suyeon
Empty,M0776_S00437_W4_F0_8163.jpg,Suyeon
Empty,M0776_S00437_W4_F0_8183.jpg,Suyeon
Empty,M0776_S00437_W4_F0_8213.jpg,Suyeon
Empty,M0776_S00437_W4_F0_8235.jpg,Suyeon
Empty,M0776_S00437_W4_F0_8258.jpg,Suyeon
Empty,M0776_S00437_W5_F0_6816.jpg,Suyeon
Empty,M0776_S00437_W5_F0_6836.jpg,Suyeon
Empty,M0776_S00437_W5_F0_6866.jpg,Suyeon
Empty,M0776_S00437_W5_F0_6901.jpg,Suyeon
Empty,M0776_S00437_W5_F0_6922.jpg,Suyeon
Empty,M0776_S00437_W5_F0_6952.jpg,Suyeon
Empty,M0776_S00437_W5_F0_6972.jpg,Suyeon
Empty,M0776_S00437_W5_F0_6992.jpg,Suyeon
Empty,M0776_S00437_W5_F0_7012.jpg,Suyeon
Empty,M0776_S00437_W5_F0_7032.jpg,Suyeon
Empty,M0776_S00437_W5_F0_7053.jpg,Suyeon
Empty,M0776_S00437_W5_F0_7082.jpg,Suyeon
Empty,M0776_S00437_W5_F0_7102.jpg,Suyeon
Empty,M0776_S00437_W5_F0_7122.jpg,Suyeon
Empty,M0776_S00437_W5_F0_7142.jpg,Suyeon
Empty,M0776_S00437_W5_F0_7162.jpg,Suyeon
Empty,M0776_S00437_W5_F0_7182.jpg,Suyeon
Empty,M0776_S00437_W5_F0_7212.jpg,Suyeon
Empty,M0776_S00437_W5_F0_7232.jpg,Suyeon
Empty,M0776_S00437_W5_F0_7252.jpg,Suyeon
Empty,M0776_S00437_W5_F0_7272.jpg,Suyeon
Empty,M0776_S00437_W5_F0_7292.jpg,Suyeon
Empty,M0776_S00437_W5_F0_7312.jpg,Suyeon
Empty,M0776_S00437_W5_F0_7342.jpg,Suyeon
Empty,M0776_S00437_W5_F0_7362.jpg,Suyeon
Empty,M0776_S00437_W5_F0_7382.jpg,Suyeon
Empty,M0776_S00437_W5_F0_7412.jpg,Suyeon
Empty,M0776_S00437_W5_F0_7432.jpg,Suyeon
Empty,M0776_S00437_W5_F0_7452.jpg,Suyeon
Empty,M0776_S00437_W5_F0_7482.jpg,Suyeon
Empty,M0776_S00437_W5_F0_7502.jpg,Suyeon
Empty,M0776_S00437_W5_F0_7522.jpg,Suyeon
Empty,M0776_S00437_W5_F0_7542.jpg,Suyeon
Empty,M0776_S00437_W5_F0_7562.jpg,Suyeon
Empty,M0776_S00437_W5_F0_7582.jpg,Suyeon
Empty,M0776_S00437_W5_F0_7613.jpg,Suyeon
Empty,M0776_S00437_W5_F0_7633.jpg,Suyeon
Empty,M0776_S00437_W5_F0_7662.jpg,Suyeon
Empty,M0776_S00437_W5_F0_7683.jpg,Suyeon
Empty,M0776_S00437_W5_F0_7703.jpg,Suyeon
Empty,M0776_S00437_W5_F0_7723.jpg,Suyeon
Empty,M0776_S00437_W5_F0_7753.jpg,Suyeon
Empty,M0776_S00437_W5_F0_7773.jpg,Suyeon
Empty,M0776_S00437_W5_F0_7793.jpg,Suyeon
Empty,M0776_S00437_W5_F0_7813.jpg,Suyeon
Empty,M0776_S00437_W5_F0_7833.jpg,Suyeon
Empty,M0776_S00437_W5_F0_7853.jpg,Suyeon
Empty,M0776_S00437_W5_F0_7883.jpg,Suyeon
Empty,M0776_S00437_W5_F0_7913.jpg,Suyeon
Empty,M0776_S00437_W5_F0_7933.jpg,Suyeon
Empty,M0776_S00437_W5_F0_7953.jpg,Suyeon
Empty,M0776_S00437_W5_F0_7973.jpg,Suyeon
Empty,M0776_S00437_W5_F0_7993.jpg,Suyeon
Empty,M0776_S00437_W5_F0_8013.jpg,Suyeon
Empty,M0776_S00437_W5_F0_8033.jpg,Suyeon
Empty,M0776_S00437_W5_F0_8053.jpg,Suyeon
Empty,M0776_S00437_W5_F0_8083.jpg,Suyeon
Empty,M0776_S00437_W5_F0_8113.jpg,Suyeon
Empty,M0776_S00437_W5_F0_8133.jpg,Suyeon
Empty,M0776_S00437_W5_F0_8163.jpg,Suyeon
Empty,M0776_S00437_W5_F0_8183.jpg,Suyeon
Empty,M0776_S00437_W5_F0_8213.jpg,Suyeon
Empty,M0776_S00437_W5_F0_8236.jpg,Suyeon
Empty,M0776_S00437_W5_F0_8258.jpg,Suyeon
Empty,M0776_S00437_W8_F0_6816.jpg,Suyeon
Empty,M0776_S00437_W8_F0_6837.jpg,Suyeon
Empty,M0776_S00437_W8_F0_6867.jpg,Suyeon
Empty,M0776_S00437_W8_F0_6902.jpg,Suyeon
Empty,M0776_S00437_W8_F0_6923.jpg,Suyeon
Empty,M0776_S00437_W8_F0_6953.jpg,Suyeon
Empty,M0776_S00437_W8_F0_6983.jpg,Suyeon
Empty,M0776_S00437_W8_F0_7013.jpg,Suyeon
Empty,M0776_S00437_W8_F0_7033.jpg,Suyeon
Empty,M0776_S00437_W8_F0_7053.jpg,Suyeon
Empty,M0776_S00437_W8_F0_7083.jpg,Suyeon
Empty,M0776_S00437_W8_F0_7103.jpg,Suyeon
Empty,M0776_S00437_W8_F0_7133.jpg,Suyeon
Empty,M0776_S00437_W8_F0_7153.jpg,Suyeon
Empty,M0776_S00437_W8_F0_7173.jpg,Suyeon
Empty,M0776_S00437_W8_F0_7203.jpg,Suyeon
Empty,M0776_S00437_W8_F0_7223.jpg,Suyeon
Empty,M0776_S00437_W8_F0_7243.jpg,Suyeon
Empty,M0776_S00437_W8_F0_7273.jpg,Suyeon
Empty,M0776_S00437_W8_F0_7293.jpg,Suyeon
Empty,M0776_S00437_W8_F0_7313.jpg,Suyeon
Empty,M0776_S00437_W8_F0_7343.jpg,Suyeon
Empty,M0776_S00437_W8_F0_7363.jpg,Suyeon
Empty,M0776_S00437_W8_F0_7383.jpg,Suyeon
Empty,M0776_S00437_W8_F0_7413.jpg,Suyeon
Empty,M0776_S00437_W8_F0_7433.jpg,Suyeon
Empty,M0776_S00437_W8_F0_7453.jpg,Suyeon
Empty,M0776_S00437_W8_F0_7483.jpg,Suyeon
Empty,M0776_S00437_W8_F0_7503.jpg,Suyeon
Empty,M0776_S00437_W8_F0_7523.jpg,Suyeon
Empty,M0776_S00437_W8_F0_7543.jpg,Suyeon
Empty,M0776_S00437_W8_F0_7563.jpg,Suyeon
Empty,M0776_S00437_W8_F0_7593.jpg,Suyeon
Empty,M0776_S00437_W8_F0_7613.jpg,Suyeon
Empty,M0776_S00437_W8_F0_7633.jpg,Suyeon
Empty,M0776_S00437_W8_F0_7663.jpg,Suyeon
Empty,M0776_S00437_W8_F0_7693.jpg,Suyeon
Empty,M0776_S00437_W8_F0_7713.jpg,Suyeon
Empty,M0776_S00437_W8_F0_7733.jpg,Suyeon
Empty,M0776_S00437_W8_F0_7753.jpg,Suyeon
Empty,M0776_S00437_W8_F0_7783.jpg,Suyeon
Empty,M0776_S00437_W8_F0_7803.jpg,Suyeon
Empty,M0776_S00437_W8_F0_7833.jpg,Suyeon
Empty,M0776_S00437_W8_F0_7863.jpg,Suyeon
Empty,M0776_S00437_W8_F0_7893.jpg,Suyeon
Empty,M0776_S00437_W8_F0_7913.jpg,Suyeon
Empty,M0776_S00437_W8_F0_7933.jpg,Suyeon
Empty,M0776_S00437_W8_F0_7953.jpg,Suyeon
Empty,M0776_S00437_W8_F0_7983.jpg,Suyeon
Empty,M0776_S00437_W8_F0_8013.jpg,Suyeon
Empty,M0776_S00437_W8_F0_8033.jpg,Suyeon
Empty,M0776_S00437_W8_F0_8063.jpg,Suyeon
Empty,M0776_S00437_W8_F0_8084.jpg,Suyeon
Empty,M0776_S00437_W8_F0_8113.jpg,Suyeon
Empty,M0776_S00437_W8_F0_8134.jpg,Suyeon
Empty,M0776_S00437_W8_F0_8163.jpg,Suyeon
Empty,M0776_S00437_W8_F0_8184.jpg,Suyeon
Empty,M0776_S00437_W8_F0_8214.jpg,Suyeon
Empty,M0776_S00437_W8_F0_8236.jpg,Suyeon
Empty,M0776_S00437_W8_F0_8258.jpg,Suyeon
Empty,M0831_S00321_W2_F0_6946.jpg,Suyeon
Empty,M0831_S00321_W2_F0_6966.jpg,Suyeon
Empty,M0831_S00321_W2_F0_6986.jpg,Suyeon
Empty,M0831_S00321_W2_F0_7006.jpg,Suyeon
Empty,M0831_S00321_W2_F0_7026.jpg,Suyeon
Empty,M0831_S00321_W3_F0_4067.jpg,Suyeon
Empty,M0831_S00321_W3_F0_4087.jpg,Suyeon
Empty,M0831_S00321_W3_F0_4107.jpg,Suyeon
Empty,M0831_S00321_W3_F0_4127.jpg,Suyeon
Empty,M0831_S00321_W3_F0_4147.jpg,Suyeon
Empty,M0831_S00321_W3_F0_4167.jpg,Suyeon
Empty,M0831_S00321_W3_F0_4187.jpg,Suyeon
Empty,M0831_S00321_W3_F0_4207.jpg,Suyeon
Empty,M0831_S00321_W3_F0_4237.jpg,Suyeon
Empty,M0831_S00321_W3_F0_4257.jpg,Suyeon
Empty,M0831_S00321_W3_F0_4277.jpg,Suyeon
Empty,M0831_S00321_W3_F0_4297.jpg,Suyeon
Empty,M0831_S00321_W3_F0_4317.jpg,Suyeon
Empty,M0831_S00321_W3_F0_4337.jpg,Suyeon
Empty,M0831_S00321_W3_F0_4357.jpg,Suyeon
Empty,M0831_S00321_W3_F0_4377.jpg,Suyeon
Empty,M0831_S00321_W3_F0_4397.jpg,Suyeon
Empty,M0831_S00321_W3_F0_4417.jpg,Suyeon
Empty,M0831_S00321_W3_F0_4437.jpg,Suyeon
Empty,M0831_S00321_W3_F0_4457.jpg,Suyeon
Empty,M0831_S00321_W3_F0_4477.jpg,Suyeon
Empty,M0831_S00321_W3_F0_4497.jpg,Suyeon
Empty,M0831_S00321_W3_F0_4517.jpg,Suyeon
Empty,M0831_S00321_W3_F0_4537.jpg,Suyeon
Empty,M0831_S00321_W3_F0_4557.jpg,Suyeon
Empty,M0831_S00321_W3_F0_4577.jpg,Suyeon
Empty,M0831_S00321_W3_F0_4597.jpg,Suyeon
Empty,M0831_S00321_W3_F0_4617.jpg,Suyeon
Empty,M0831_S00321_W3_F0_4637.jpg,Suyeon
Empty,M0831_S00321_W3_F0_4657.jpg,Suyeon
Empty,M0831_S00321_W3_F0_4677.jpg,Suyeon
Empty,M0831_S00321_W3_F0_4698.jpg,Suyeon
Empty,M0831_S00321_W3_F0_4728.jpg,Suyeon
Empty,M0831_S00321_W3_F0_4748.jpg,Suyeon
Empty,M0831_S00321_W3_F0_4768.jpg,Suyeon
Empty,M0831_S00321_W3_F0_4788.jpg,Suyeon
Empty,M0831_S00321_W3_F0_4808.jpg,Suyeon
Empty,M0831_S00321_W3_F0_4828.jpg,Suyeon
Empty,M0831_S00321_W3_F0_4858.jpg,Suyeon
Empty,M0831_S00321_W3_F0_4878.jpg,Suyeon
Empty,M0831_S00321_W3_F0_4898.jpg,Suyeon
Empty,M0831_S00321_W3_F0_4918.jpg,Suyeon
Empty,M0831_S00321_W3_F0_4938.jpg,Suyeon
Empty,M0831_S00321_W3_F0_4958.jpg,Suyeon
Empty,M0831_S00321_W3_F0_4988.jpg,Suyeon
Empty,M0831_S00321_W3_F0_5008.jpg,Suyeon
Empty,M0831_S00321_W3_F0_5028.jpg,Suyeon
Empty,M0831_S00321_W3_F0_5048.jpg,Suyeon
Empty,M0831_S00321_W3_F0_5068.jpg,Suyeon
Empty,M0831_S00321_W3_F0_5098.jpg,Suyeon
Empty,M0831_S00321_W3_F0_5118.jpg,Suyeon
Empty,M0831_S00321_W3_F0_5138.jpg,Suyeon
Empty,M0831_S00321_W3_F0_5158.jpg,Suyeon
Empty,M0831_S00321_W3_F0_5178.jpg,Suyeon
Empty,M0831_S00321_W3_F0_5198.jpg,Suyeon
Empty,M0831_S00321_W3_F0_5218.jpg,Suyeon
Empty,M0831_S00321_W3_F0_5238.jpg,Suyeon
Empty,M0831_S00321_W3_F0_5258.jpg,Suyeon
Empty,M0831_S00321_W3_F0_5278.jpg,Suyeon
Empty,M0831_S00321_W3_F0_5298.jpg,Suyeon
Empty,M0831_S00321_W3_F0_5318.jpg,Suyeon
Empty,M0831_S00321_W3_F0_5338.jpg,Suyeon
Empty,M0831_S00321_W3_F0_5358.jpg,Suyeon
Empty,M0831_S00321_W3_F0_5378.jpg,Suyeon
Empty,M0831_S00321_W3_F0_5398.jpg,Suyeon
Empty,M0831_S00321_W3_F0_5418.jpg,Suyeon
Empty,M0831_S00321_W3_F0_5438.jpg,Suyeon
Empty,M0831_S00321_W3_F0_5458.jpg,Suyeon
Empty,M0831_S00321_W3_F0_5479.jpg,Suyeon
Empty,M0831_S00321_W3_F0_5500.jpg,Suyeon
Empty,M0831_S00321_W3_F0_5529.jpg,Suyeon
Empty,M0831_S00321_W3_F0_5549.jpg,Suyeon
Empty,M0831_S00321_W3_F0_5569.jpg,Suyeon
Empty,M0831_S00321_W3_F0_5589.jpg,Suyeon
Empty,M0831_S00321_W3_F0_5619.jpg,Suyeon
Empty,M0831_S00321_W3_F0_5649.jpg,Suyeon
Empty,M0831_S00321_W3_F0_5679.jpg,Suyeon
Empty,M0831_S00321_W3_F0_5699.jpg,Suyeon
Empty,M0831_S00321_W3_F0_5719.jpg,Suyeon
Empty,M0831_S00321_W3_F0_5739.jpg,Suyeon
Empty,M0831_S00321_W3_F0_5759.jpg,Suyeon
Empty,M0831_S00321_W3_F0_5779.jpg,Suyeon
Empty,M0831_S00321_W3_F0_5799.jpg,Suyeon
Empty,M0831_S00321_W3_F0_5819.jpg,Suyeon
Empty,M0831_S00321_W3_F0_5839.jpg,Suyeon
Empty,M0831_S00321_W3_F0_5869.jpg,Suyeon
Empty,M0831_S00321_W3_F0_5889.jpg,Suyeon
Empty,M0831_S00321_W3_F0_5909.jpg,Suyeon
Empty,M0831_S00321_W3_F0_5929.jpg,Suyeon
Empty,M0831_S00321_W3_F0_5949.jpg,Suyeon
Empty,M0831_S00321_W3_F0_5969.jpg,Suyeon
Empty,M0831_S00321_W3_F0_5990.jpg,Suyeon
Empty,M0831_S00321_W3_F0_6010.jpg,Suyeon
Empty,M0831_S00321_W3_F0_6040.jpg,Suyeon
Empty,M0831_S00321_W3_F0_6060.jpg,Suyeon
Empty,M0831_S00321_W3_F0_6080.jpg,Suyeon
Empty,M0831_S00321_W3_F0_6100.jpg,Suyeon
Empty,M0831_S00321_W3_F0_6120.jpg,Suyeon
Empty,M0831_S00321_W3_F0_6150.jpg,Suyeon
Empty,M0831_S00321_W3_F0_6170.jpg,Suyeon
Empty,M0831_S00321_W3_F0_6190.jpg,Suyeon
Empty,M0831_S00321_W3_F0_6210.jpg,Suyeon
Empty,M0831_S00321_W3_F0_6230.jpg,Suyeon
Empty,M0831_S00321_W3_F0_6250.jpg,Suyeon
Empty,M0831_S00321_W3_F0_6270.jpg,Suyeon
Empty,M0831_S00321_W3_F0_6290.jpg,Suyeon
Empty,M0831_S00321_W3_F0_6310.jpg,Suyeon
Empty,M0831_S00321_W3_F0_6330.jpg,Suyeon
Empty,M0831_S00321_W3_F0_6350.jpg,Suyeon
Empty,M0831_S00321_W3_F0_6370.jpg,Suyeon
Empty,M0831_S00321_W3_F0_6390.jpg,Suyeon
Empty,M0831_S00321_W3_F0_6420.jpg,Suyeon
Empty,M0831_S00321_W3_F0_6440.jpg,Suyeon
Empty,M0831_S00321_W3_F0_6460.jpg,Suyeon
Empty,M0831_S00321_W3_F0_6490.jpg,Suyeon
Empty,M0831_S00321_W3_F0_6520.jpg,Suyeon
Empty,M0831_S00321_W3_F0_6550.jpg,Suyeon
Empty,M0831_S00321_W3_F0_6570.jpg,Suyeon
Empty,M0831_S00321_W3_F0_6590.jpg,Suyeon
Empty,M0831_S00321_W3_F0_6610.jpg,Suyeon
Empty,M0831_S00321_W3_F0_6630.jpg,Suyeon
Empty,M0831_S00321_W3_F0_6650.jpg,Suyeon
Empty,M0831_S00321_W3_F0_6670.jpg,Suyeon
Empty,M0831_S00321_W3_F0_6690.jpg,Suyeon
Empty,M0831_S00321_W3_F0_6710.jpg,Suyeon
Empty,M0831_S00321_W3_F0_6730.jpg,Suyeon
Empty,M0831_S00321_W3_F0_6750.jpg,Suyeon
Empty,M0831_S00321_W3_F0_6770.jpg,Suyeon
Empty,M0831_S00321_W3_F0_6790.jpg,Suyeon
Empty,M0831_S00321_W3_F0_6820.jpg,Suyeon
Empty,M0831_S00321_W3_F0_6840.jpg,Suyeon
Empty,M0831_S00321_W3_F0_6860.jpg,Suyeon
Empty,M0831_S00321_W3_F0_6880.jpg,Suyeon
Empty,M0831_S00321_W3_F0_6901.jpg,Suyeon
Empty,M0831_S00321_W3_F0_6925.jpg,Suyeon
Empty,M0831_S00321_W3_F0_6946.jpg,Suyeon
Empty,M0831_S00321_W3_F0_6966.jpg,Suyeon
Empty,M0831_S00321_W3_F0_6986.jpg,Suyeon
Empty,M0831_S00321_W3_F0_7006.jpg,Suyeon
Empty,M0831_S00321_W3_F0_7026.jpg,Suyeon
Empty,M3171_S00739_W10_F0_8417.jpg,Suyeon
Empty,M776_S0087_W2_F0_7036.jpg,Suyeon
Empty,M776_S0087_W2_F0_7059.jpg,Suyeon
